{"capital": 8874.082718415686, "return": -11.259172815843144, "trades": 19168, "wins": 4590, "losses": 14578}