{"counts": {"excellent": 435, "good": 2504, "neutral": 7670, "poor": 180917}, "capital": 3550.882573666747, "return": -64.49117426333252, "trades": 191526, "wins": 86791, "losses": 104735}