{"counts": {"excellent": 37, "good": 311, "neutral": 1172, "poor": 36154}, "capital": 8036.7556059868175, "return": -19.63244394013183, "trades": 37674, "wins": 17224, "losses": 20450}